25/10/2016,Cleveland Cavaliers,New York Knicks
25/10/2016,Portland Trail Blazers,Utah Jazz
25/10/2016,Golden State Warriors,San Antonio Spurs
26/10/2016,Indiana Pacers,Dallas Mavericks
26/10/2016,Orlando Magic,Miami Heat
26/10/2016,Boston Celtics,Brooklyn Nets
26/10/2016,Toronto Raptors,Detroit Pistons
26/10/2016,Memphis Grizzlies,Minnesota Timberwolves
26/10/2016,Milwaukee Bucks,Charlotte Hornets
26/10/2016,New Orleans Pelicans,Denver Nuggets
26/10/2016,Philadelphia 76ers,Oklahoma City Thunder
26/10/2016,Phoenix Suns,Sacramento Kings
26/10/2016,Los Angeles Lakers,Houston Rockets
27/10/2016,Atlanta Hawks,Washington Wizards
27/10/2016,Chicago Bulls,Boston Celtics
27/10/2016,Portland Trail Blazers,Los Angeles Clippers
27/10/2016,Sacramento Kings,San Antonio Spurs
28/10/2016,Toronto Raptors,Cleveland Cavaliers
28/10/2016,Brooklyn Nets,Indiana Pacers
28/10/2016,Detroit Pistons,Orlando Magic
28/10/2016,Miami Heat,Charlotte Hornets
28/10/2016,Oklahoma City Thunder,Phoenix Suns
28/10/2016,Dallas Mavericks,Houston Rockets
28/10/2016,Utah Jazz,Los Angeles Lakers
28/10/2016,New Orleans Pelicans,Golden State Warriors
29/10/2016,Philadelphia 76ers,Atlanta Hawks
29/10/2016,Charlotte Hornets,Boston Celtics
29/10/2016,Cleveland Cavaliers,Orlando Magic
29/10/2016,New York Knicks,Memphis Grizzlies
29/10/2016,Chicago Bulls,Indiana Pacers
29/10/2016,Milwaukee Bucks,Brooklyn Nets
29/10/2016,San Antonio Spurs,New Orleans Pelicans
29/10/2016,Denver Nuggets,Portland Trail Blazers
29/10/2016,Sacramento Kings,Minnesota Timberwolves
30/10/2016,Los Angeles Clippers,Utah Jazz
30/10/2016,Detroit Pistons,Milwaukee Bucks
30/10/2016,Miami Heat,San Antonio Spurs
30/10/2016,Phoenix Suns,Golden State Warriors
30/10/2016,Memphis Grizzlies,Washington Wizards
30/10/2016,Oklahoma City Thunder,Los Angeles Lakers
30/10/2016,Houston Rockets,Dallas Mavericks
31/10/2016,Atlanta Hawks,Sacramento Kings
31/10/2016,Brooklyn Nets,Chicago Bulls
31/10/2016,Toronto Raptors,Denver Nuggets
31/10/2016,Los Angeles Clippers,Phoenix Suns
01/11/2016,Cleveland Cavaliers,Houston Rockets
01/11/2016,Indiana Pacers,Los Angeles Lakers
01/11/2016,Philadelphia 76ers,Orlando Magic
01/11/2016,Detroit Pistons,New York Knicks
01/11/2016,Miami Heat,Sacramento Kings
01/11/2016,Minnesota Timberwolves,Memphis Grizzlies
01/11/2016,New Orleans Pelicans,Milwaukee Bucks
01/11/2016,San Antonio Spurs,Utah Jazz
01/11/2016,Portland Trail Blazers,Golden State Warriors
02/11/2016,Charlotte Hornets,Philadelphia 76ers
02/11/2016,Washington Wizards,Toronto Raptors
02/11/2016,Atlanta Hawks,Los Angeles Lakers
02/11/2016,Brooklyn Nets,Detroit Pistons
02/11/2016,New York Knicks,Houston Rockets
02/11/2016,Boston Celtics,Chicago Bulls
02/11/2016,Memphis Grizzlies,New Orleans Pelicans
02/11/2016,Utah Jazz,Dallas Mavericks
02/11/2016,Phoenix Suns,Portland Trail Blazers
02/11/2016,Los Angeles Clippers,Oklahoma City Thunder
03/11/2016,Orlando Magic,Sacramento Kings
03/11/2016,Cleveland Cavaliers,Boston Celtics
03/11/2016,Milwaukee Bucks,Indiana Pacers
03/11/2016,Minnesota Timberwolves,Denver Nuggets
03/11/2016,Golden State Warriors,Oklahoma City Thunder
04/11/2016,Washington Wizards,Atlanta Hawks
04/11/2016,Brooklyn Nets,Charlotte Hornets
04/11/2016,Toronto Raptors,Miami Heat
04/11/2016,Chicago Bulls,New York Knicks
04/11/2016,Memphis Grizzlies,Los Angeles Clippers
04/11/2016,New Orleans Pelicans,Phoenix Suns
04/11/2016,Dallas Mavericks,Portland Trail Blazers
04/11/2016,Utah Jazz,San Antonio Spurs
04/11/2016,Los Angeles Lakers,Golden State Warriors
05/11/2016,Oklahoma City Thunder,Minnesota Timberwolves
05/11/2016,Detroit Pistons,Denver Nuggets
05/11/2016,Indiana Pacers,Chicago Bulls
05/11/2016,Orlando Magic,Washington Wizards
05/11/2016,Philadelphia 76ers,Cleveland Cavaliers
05/11/2016,Atlanta Hawks,Houston Rockets
05/11/2016,Milwaukee Bucks,Sacramento Kings
05/11/2016,San Antonio Spurs,Los Angeles Clippers
06/11/2016,New York Knicks,Utah Jazz
06/11/2016,Memphis Grizzlies,Portland Trail Blazers
06/11/2016,Toronto Raptors,Sacramento Kings
06/11/2016,Dallas Mavericks,Milwaukee Bucks
06/11/2016,Boston Celtics,Denver Nuggets
06/11/2016,Los Angeles Lakers,Phoenix Suns
07/11/2016,Charlotte Hornets,Indiana Pacers
07/11/2016,Philadelphia 76ers,Utah Jazz
07/11/2016,Washington Wizards,Houston Rockets
07/11/2016,Chicago Bulls,Orlando Magic
07/11/2016,Oklahoma City Thunder,Miami Heat
07/11/2016,Golden State Warriors,New Orleans Pelicans
07/11/2016,Los Angeles Clippers,Detroit Pistons
08/11/2016,Cleveland Cavaliers,Atlanta Hawks
08/11/2016,Brooklyn Nets,Minnesota Timberwolves
08/11/2016,Memphis Grizzlies,Denver Nuggets
08/11/2016,Portland Trail Blazers,Phoenix Suns
08/11/2016,Los Angeles Lakers,Dallas Mavericks
08/11/2016,Sacramento Kings,New Orleans Pelicans
09/11/2016,Charlotte Hornets,Utah Jazz
09/11/2016,Indiana Pacers,Philadelphia 76ers
09/11/2016,New York Knicks,Brooklyn Nets
09/11/2016,Orlando Magic,Minnesota Timberwolves
09/11/2016,Washington Wizards,Boston Celtics
09/11/2016,Atlanta Hawks,Chicago Bulls
09/11/2016,Oklahoma City Thunder,Toronto Raptors
09/11/2016,Phoenix Suns,Detroit Pistons
09/11/2016,San Antonio Spurs,Houston Rockets
09/11/2016,Golden State Warriors,Dallas Mavericks
09/11/2016,Los Angeles Clippers,Portland Trail Blazers
10/11/2016,Miami Heat,Chicago Bulls
10/11/2016,Milwaukee Bucks,New Orleans Pelicans
10/11/2016,Denver Nuggets,Golden State Warriors
10/11/2016,Sacramento Kings,Los Angeles Lakers
11/11/2016,Charlotte Hornets,Toronto Raptors
11/11/2016,Orlando Magic,Utah Jazz
11/11/2016,Philadelphia 76ers,Indiana Pacers
11/11/2016,Washington Wizards,Cleveland Cavaliers
11/11/2016,Boston Celtics,New York Knicks
11/11/2016,Oklahoma City Thunder,Los Angeles Clippers
11/11/2016,San Antonio Spurs,Detroit Pistons
11/11/2016,Portland Trail Blazers,Sacramento Kings
12/11/2016,Indiana Pacers,Boston Celtics
12/11/2016,New Orleans Pelicans,Los Angeles Lakers
12/11/2016,Atlanta Hawks,Philadelphia 76ers
12/11/2016,Toronto Raptors,New York Knicks
12/11/2016,Chicago Bulls,Washington Wizards
12/11/2016,Houston Rockets,San Antonio Spurs
12/11/2016,Miami Heat,Utah Jazz
12/11/2016,Minnesota Timberwolves,Los Angeles Clippers
12/11/2016,Milwaukee Bucks,Memphis Grizzlies
12/11/2016,Denver Nuggets,Detroit Pistons
12/11/2016,Phoenix Suns,Brooklyn Nets
13/11/2016,Cleveland Cavaliers,Charlotte Hornets
13/11/2016,Minnesota Timberwolves,Los Angeles Lakers
13/11/2016,Oklahoma City Thunder,Orlando Magic
13/11/2016,Golden State Warriors,Phoenix Suns
13/11/2016,Portland Trail Blazers,Denver Nuggets
14/11/2016,Indiana Pacers,Orlando Magic
14/11/2016,Detroit Pistons,Oklahoma City Thunder
14/11/2016,New York Knicks,Dallas Mavericks
14/11/2016,Houston Rockets,Philadelphia 76ers
14/11/2016,New Orleans Pelicans,Boston Celtics
14/11/2016,San Antonio Spurs,Miami Heat
14/11/2016,Utah Jazz,Memphis Grizzlies
14/11/2016,Los Angeles Clippers,Brooklyn Nets
15/11/2016,Cleveland Cavaliers,Toronto Raptors
15/11/2016,Miami Heat,Atlanta Hawks
15/11/2016,Minnesota Timberwolves,Charlotte Hornets
15/11/2016,Portland Trail Blazers,Chicago Bulls
15/11/2016,Los Angeles Lakers,Brooklyn Nets
16/11/2016,Indiana Pacers,Cleveland Cavaliers
16/11/2016,Orlando Magic,New Orleans Pelicans
16/11/2016,Philadelphia 76ers,Washington Wizards
16/11/2016,Atlanta Hawks,Milwaukee Bucks
16/11/2016,Boston Celtics,Dallas Mavericks
16/11/2016,New York Knicks,Detroit Pistons
16/11/2016,Oklahoma City Thunder,Houston Rockets
16/11/2016,Toronto Raptors,Golden State Warriors
16/11/2016,Denver Nuggets,Phoenix Suns
16/11/2016,Los Angeles Clippers,Memphis Grizzlies
16/11/2016,Sacramento Kings,San Antonio Spurs
17/11/2016,Washington Wizards,New York Knicks
17/11/2016,Miami Heat,Milwaukee Bucks
17/11/2016,Houston Rockets,Portland Trail Blazers
17/11/2016,Minnesota Timberwolves,Philadelphia 76ers
17/11/2016,Utah Jazz,Chicago Bulls
18/11/2016,Charlotte Hornets,Atlanta Hawks
18/11/2016,Indiana Pacers,Phoenix Suns
18/11/2016,Cleveland Cavaliers,Detroit Pistons
18/11/2016,Boston Celtics,Golden State Warriors
18/11/2016,New Orleans Pelicans,Portland Trail Blazers
18/11/2016,Oklahoma City Thunder,Brooklyn Nets
18/11/2016,Dallas Mavericks,Memphis Grizzlies
18/11/2016,Denver Nuggets,Toronto Raptors
18/11/2016,Los Angeles Lakers,San Antonio Spurs
18/11/2016,Sacramento Kings,Los Angeles Clippers
19/11/2016,Houston Rockets,Utah Jazz
19/11/2016,Detroit Pistons,Boston Celtics
19/11/2016,New Orleans Pelicans,Charlotte Hornets
19/11/2016,Orlando Magic,Dallas Mavericks
19/11/2016,Washington Wizards,Miami Heat
19/11/2016,Philadelphia 76ers,Phoenix Suns
19/11/2016,Memphis Grizzlies,Minnesota Timberwolves
19/11/2016,Milwaukee Bucks,Golden State Warriors
19/11/2016,Los Angeles Clippers,Chicago Bulls
20/11/2016,New York Knicks,Atlanta Hawks
20/11/2016,Brooklyn Nets,Portland Trail Blazers
20/11/2016,Oklahoma City Thunder,Indiana Pacers
20/11/2016,Denver Nuggets,Utah Jazz
20/11/2016,Sacramento Kings,Toronto Raptors
20/11/2016,Los Angeles Lakers,Chicago Bulls
21/11/2016,Charlotte Hornets,Memphis Grizzlies
21/11/2016,Indiana Pacers,Golden State Warriors
21/11/2016,Philadelphia 76ers,Miami Heat
21/11/2016,Washington Wizards,Phoenix Suns
21/11/2016,Detroit Pistons,Houston Rockets
21/11/2016,Milwaukee Bucks,Orlando Magic
21/11/2016,Minnesota Timberwolves,Boston Celtics
21/11/2016,San Antonio Spurs,Dallas Mavericks
21/11/2016,Los Angeles Clippers,Toronto Raptors
22/11/2016,Atlanta Hawks,New Orleans Pelicans
22/11/2016,New York Knicks,Portland Trail Blazers
22/11/2016,Denver Nuggets,Chicago Bulls
22/11/2016,Los Angeles Lakers,Oklahoma City Thunder
23/11/2016,Charlotte Hornets,San Antonio Spurs
23/11/2016,Cleveland Cavaliers,Portland Trail Blazers
23/11/2016,Indiana Pacers,Atlanta Hawks
23/11/2016,Orlando Magic,Phoenix Suns
23/11/2016,Philadelphia 76ers,Memphis Grizzlies
23/11/2016,Brooklyn Nets,Boston Celtics
23/11/2016,Detroit Pistons,Miami Heat
23/11/2016,Houston Rockets,Toronto Raptors
23/11/2016,Dallas Mavericks,Los Angeles Clippers
23/11/2016,Utah Jazz,Denver Nuggets
23/11/2016,New Orleans Pelicans,Minnesota Timberwolves
23/11/2016,Golden State Warriors,Los Angeles Lakers
23/11/2016,Sacramento Kings,Oklahoma City Thunder
25/11/2016,Boston Celtics,San Antonio Spurs
25/11/2016,Orlando Magic,Washington Wizards
25/11/2016,Cleveland Cavaliers,Dallas Mavericks
25/11/2016,Detroit Pistons,Los Angeles Clippers
25/11/2016,New York Knicks,Charlotte Hornets
25/11/2016,Philadelphia 76ers,Chicago Bulls
25/11/2016,Indiana Pacers,Brooklyn Nets
25/11/2016,Memphis Grizzlies,Miami Heat
25/11/2016,Milwaukee Bucks,Toronto Raptors
25/11/2016,Utah Jazz,Atlanta Hawks
25/11/2016,Denver Nuggets,Oklahoma City Thunder
25/11/2016,Phoenix Suns,Minnesota Timberwolves
25/11/2016,Portland Trail Blazers,New Orleans Pelicans
25/11/2016,Los Angeles Lakers,Golden State Warriors
25/11/2016,Sacramento Kings,Houston Rockets
26/11/2016,Charlotte Hornets,New York Knicks
26/11/2016,Washington Wizards,San Antonio Spurs
26/11/2016,Miami Heat,Memphis Grizzlies
26/11/2016,Oklahoma City Thunder,Detroit Pistons
26/11/2016,Golden State Warriors,Minnesota Timberwolves
27/11/2016,Philadelphia 76ers,Cleveland Cavaliers
27/11/2016,Phoenix Suns,Denver Nuggets
27/11/2016,Brooklyn Nets,Sacramento Kings
27/11/2016,Indiana Pacers,Los Angeles Clippers
27/11/2016,Orlando Magic,Milwaukee Bucks
27/11/2016,Dallas Mavericks,New Orleans Pelicans
27/11/2016,Portland Trail Blazers,Houston Rockets
27/11/2016,Los Angeles Lakers,Atlanta Hawks
28/11/2016,Washington Wizards,Sacramento Kings
28/11/2016,Miami Heat,Boston Celtics
28/11/2016,New York Knicks,Oklahoma City Thunder
28/11/2016,Toronto Raptors,Philadelphia 76ers
28/11/2016,Memphis Grizzlies,Charlotte Hornets
28/11/2016,Minnesota Timberwolves,Utah Jazz
28/11/2016,Golden State Warriors,Atlanta Hawks
29/11/2016,Charlotte Hornets,Detroit Pistons
29/11/2016,Brooklyn Nets,Los Angeles Clippers
29/11/2016,Milwaukee Bucks,Cleveland Cavaliers
29/11/2016,New Orleans Pelicans,Los Angeles Lakers
29/11/2016,San Antonio Spurs,Orlando Magic
29/11/2016,Utah Jazz,Houston Rockets
30/11/2016,Philadelphia 76ers,Sacramento Kings
30/11/2016,Boston Celtics,Detroit Pistons
30/11/2016,Toronto Raptors,Memphis Grizzlies
30/11/2016,Chicago Bulls,Los Angeles Lakers
30/11/2016,Minnesota Timberwolves,New York Knicks
30/11/2016,Oklahoma City Thunder,Washington Wizards
30/11/2016,Dallas Mavericks,San Antonio Spurs
30/11/2016,Denver Nuggets,Miami Heat
30/11/2016,Phoenix Suns,Atlanta Hawks
30/11/2016,Portland Trail Blazers,Indiana Pacers
01/12/2016,Charlotte Hornets,Dallas Mavericks
01/12/2016,Brooklyn Nets,Milwaukee Bucks
01/12/2016,Cleveland Cavaliers,Los Angeles Clippers
01/12/2016,Memphis Grizzlies,Orlando Magic
01/12/2016,Utah Jazz,Miami Heat
01/12/2016,Golden State Warriors,Houston Rockets
02/12/2016,Philadelphia 76ers,Orlando Magic
02/12/2016,Boston Celtics,Sacramento Kings
02/12/2016,New York Knicks,Minnesota Timberwolves
02/12/2016,Toronto Raptors,Los Angeles Lakers
02/12/2016,Atlanta Hawks,Detroit Pistons
02/12/2016,Chicago Bulls,Cleveland Cavaliers
02/12/2016,New Orleans Pelicans,Los Angeles Clippers
02/12/2016,San Antonio Spurs,Washington Wizards
02/12/2016,Denver Nuggets,Houston Rockets
03/12/2016,Milwaukee Bucks,Brooklyn Nets
03/12/2016,Charlotte Hornets,Minnesota Timberwolves
03/12/2016,Philadelphia 76ers,Boston Celtics
03/12/2016,Toronto Raptors,Atlanta Hawks
03/12/2016,Memphis Grizzlies,Los Angeles Lakers
03/12/2016,Dallas Mavericks,Chicago Bulls
03/12/2016,Utah Jazz,Denver Nuggets
03/12/2016,Portland Trail Blazers,Miami Heat
03/12/2016,Golden State Warriors,Phoenix Suns
04/12/2016,Detroit Pistons,Orlando Magic
04/12/2016,Oklahoma City Thunder,New Orleans Pelicans
04/12/2016,New York Knicks,Sacramento Kings
04/12/2016,Los Angeles Clippers,Indiana Pacers
05/12/2016,Philadelphia 76ers,Denver Nuggets
05/12/2016,Atlanta Hawks,Oklahoma City Thunder
05/12/2016,Brooklyn Nets,Washington Wizards
05/12/2016,Toronto Raptors,Cleveland Cavaliers
05/12/2016,Chicago Bulls,Portland Trail Blazers
05/12/2016,Houston Rockets,Boston Celtics
05/12/2016,Milwaukee Bucks,San Antonio Spurs
05/12/2016,New Orleans Pelicans,Memphis Grizzlies
05/12/2016,Dallas Mavericks,Charlotte Hornets
05/12/2016,Golden State Warriors,Indiana Pacers
05/12/2016,Los Angeles Lakers,Utah Jazz
06/12/2016,Washington Wizards,Orlando Magic
06/12/2016,Detroit Pistons,Chicago Bulls
06/12/2016,Miami Heat,New York Knicks
06/12/2016,Memphis Grizzlies,Philadelphia 76ers
06/12/2016,Minnesota Timberwolves,San Antonio Spurs
06/12/2016,Utah Jazz,Phoenix Suns
07/12/2016,Charlotte Hornets,Detroit Pistons
07/12/2016,Orlando Magic,Boston Celtics
07/12/2016,Atlanta Hawks,Miami Heat
07/12/2016,Brooklyn Nets,Denver Nuggets
07/12/2016,Houston Rockets,Los Angeles Lakers
07/12/2016,Milwaukee Bucks,Portland Trail Blazers
07/12/2016,New York Knicks,Cleveland Cavaliers
07/12/2016,Dallas Mavericks,Sacramento Kings
07/12/2016,Phoenix Suns,Indiana Pacers
07/12/2016,Los Angeles Clippers,Golden State Warriors
08/12/2016,Toronto Raptors,Minnesota Timberwolves
08/12/2016,Washington Wizards,Denver Nuggets
08/12/2016,Memphis Grizzlies,Portland Trail Blazers
08/12/2016,New Orleans Pelicans,Philadelphia 76ers
08/12/2016,Utah Jazz,Golden State Warriors
08/12/2016,Chicago Bulls,San Antonio Spurs
09/12/2016,Charlotte Hornets,Orlando Magic
09/12/2016,Boston Celtics,Toronto Raptors
09/12/2016,Cleveland Cavaliers,Miami Heat
09/12/2016,Milwaukee Bucks,Atlanta Hawks
09/12/2016,Minnesota Timberwolves,Detroit Pistons
09/12/2016,Oklahoma City Thunder,Houston Rockets
09/12/2016,Dallas Mavericks,Indiana Pacers
09/12/2016,Los Angeles Lakers,Phoenix Suns
09/12/2016,Sacramento Kings,New York Knicks
10/12/2016,Indiana Pacers,Portland Trail Blazers
10/12/2016,Orlando Magic,Denver Nuggets
10/12/2016,Washington Wizards,Milwaukee Bucks
10/12/2016,Cleveland Cavaliers,Charlotte Hornets
10/12/2016,Chicago Bulls,Miami Heat
10/12/2016,Houston Rockets,Dallas Mavericks
10/12/2016,Memphis Grizzlies,Golden State Warriors
10/12/2016,San Antonio Spurs,Brooklyn Nets
10/12/2016,Utah Jazz,Sacramento Kings
10/12/2016,Los Angeles Clippers,New Orleans Pelicans
11/12/2016,Detroit Pistons,Philadelphia 76ers
11/12/2016,Minnesota Timberwolves,Golden State Warriors
11/12/2016,Oklahoma City Thunder,Boston Celtics
11/12/2016,Phoenix Suns,New Orleans Pelicans
11/12/2016,Los Angeles Lakers,New York Knicks
12/12/2016,Indiana Pacers,Charlotte Hornets
12/12/2016,Miami Heat,Washington Wizards
12/12/2016,Toronto Raptors,Milwaukee Bucks
12/12/2016,Houston Rockets,Brooklyn Nets
12/12/2016,Dallas Mavericks,Denver Nuggets
12/12/2016,Los Angeles Clippers,Portland Trail Blazers
12/12/2016,Sacramento Kings,Los Angeles Lakers
13/12/2016,Cleveland Cavaliers,Memphis Grizzlies
13/12/2016,Atlanta Hawks,Orlando Magic
13/12/2016,Chicago Bulls,Minnesota Timberwolves
13/12/2016,New Orleans Pelicans,Golden State Warriors
13/12/2016,Phoenix Suns,New York Knicks
13/12/2016,Portland Trail Blazers,Oklahoma City Thunder
14/12/2016,Miami Heat,Indiana Pacers
14/12/2016,Orlando Magic,Los Angeles Clippers
14/12/2016,Philadelphia 76ers,Toronto Raptors
14/12/2016,Washington Wizards,Charlotte Hornets
14/12/2016,Brooklyn Nets,Los Angeles Lakers
14/12/2016,Houston Rockets,Sacramento Kings
14/12/2016,Memphis Grizzlies,Cleveland Cavaliers
14/12/2016,Dallas Mavericks,Detroit Pistons
14/12/2016,Utah Jazz,Oklahoma City Thunder
14/12/2016,San Antonio Spurs,Boston Celtics
15/12/2016,Milwaukee Bucks,Chicago Bulls
15/12/2016,New Orleans Pelicans,Indiana Pacers
15/12/2016,Denver Nuggets,Portland Trail Blazers
15/12/2016,Phoenix Suns,San Antonio Spurs
15/12/2016,Golden State Warriors,New York Knicks
16/12/2016,Orlando Magic,Brooklyn Nets
16/12/2016,Washington Wizards,Detroit Pistons
16/12/2016,Boston Celtics,Charlotte Hornets
16/12/2016,Toronto Raptors,Atlanta Hawks
16/12/2016,Chicago Bulls,Milwaukee Bucks
16/12/2016,Houston Rockets,New Orleans Pelicans
16/12/2016,Memphis Grizzlies,Sacramento Kings
16/12/2016,Miami Heat,Los Angeles Clippers
16/12/2016,Philadelphia 76ers,Los Angeles Lakers
16/12/2016,Utah Jazz,Dallas Mavericks
17/12/2016,Oklahoma City Thunder,Phoenix Suns
17/12/2016,Detroit Pistons,Indiana Pacers
17/12/2016,Atlanta Hawks,Charlotte Hornets
17/12/2016,Cleveland Cavaliers,Los Angeles Lakers
17/12/2016,Minnesota Timberwolves,Houston Rockets
17/12/2016,Denver Nuggets,New York Knicks
17/12/2016,Golden State Warriors,Portland Trail Blazers
18/12/2016,Washington Wizards,Los Angeles Clippers
18/12/2016,Memphis Grizzlies,Utah Jazz
18/12/2016,Miami Heat,Boston Celtics
18/12/2016,Orlando Magic,Toronto Raptors
18/12/2016,Philadelphia 76ers,Brooklyn Nets
18/12/2016,Dallas Mavericks,Sacramento Kings
18/12/2016,San Antonio Spurs,New Orleans Pelicans
19/12/2016,Indiana Pacers,Washington Wizards
19/12/2016,Chicago Bulls,Detroit Pistons
19/12/2016,Minnesota Timberwolves,Phoenix Suns
19/12/2016,Oklahoma City Thunder,Atlanta Hawks
19/12/2016,Denver Nuggets,Dallas Mavericks
20/12/2016,Charlotte Hornets,Los Angeles Lakers
20/12/2016,Philadelphia 76ers,New Orleans Pelicans
20/12/2016,Miami Heat,Orlando Magic
20/12/2016,New York Knicks,Indiana Pacers
20/12/2016,Toronto Raptors,Brooklyn Nets
20/12/2016,Houston Rockets,San Antonio Spurs
20/12/2016,Memphis Grizzlies,Boston Celtics
20/12/2016,Milwaukee Bucks,Cleveland Cavaliers
20/12/2016,Golden State Warriors,Utah Jazz
20/12/2016,Los Angeles Clippers,Denver Nuggets
20/12/2016,Sacramento Kings,Portland Trail Blazers
21/12/2016,Cleveland Cavaliers,Milwaukee Bucks
21/12/2016,Atlanta Hawks,Minnesota Timberwolves
21/12/2016,Detroit Pistons,Memphis Grizzlies
21/12/2016,Chicago Bulls,Washington Wizards
21/12/2016,New Orleans Pelicans,Oklahoma City Thunder
21/12/2016,Phoenix Suns,Houston Rockets
21/12/2016,Utah Jazz,Sacramento Kings
21/12/2016,Portland Trail Blazers,Dallas Mavericks
22/12/2016,Brooklyn Nets,Golden State Warriors
22/12/2016,Miami Heat,Los Angeles Lakers
22/12/2016,New York Knicks,Orlando Magic
22/12/2016,Indiana Pacers,Boston Celtics
22/12/2016,Los Angeles Clippers,San Antonio Spurs
23/12/2016,Charlotte Hornets,Chicago Bulls
23/12/2016,Orlando Magic,Los Angeles Lakers
23/12/2016,Boston Celtics,Oklahoma City Thunder
23/12/2016,Cleveland Cavaliers,Brooklyn Nets
23/12/2016,Detroit Pistons,Golden State Warriors
23/12/2016,Memphis Grizzlies,Houston Rockets
23/12/2016,Milwaukee Bucks,Washington Wizards
23/12/2016,Minnesota Timberwolves,Sacramento Kings
23/12/2016,New Orleans Pelicans,Miami Heat
23/12/2016,Denver Nuggets,Atlanta Hawks
23/12/2016,Phoenix Suns,Philadelphia 76ers
23/12/2016,Utah Jazz,Toronto Raptors
23/12/2016,Portland Trail Blazers,San Antonio Spurs
23/12/2016,Los Angeles Clippers,Dallas Mavericks
25/12/2016,New York Knicks,Boston Celtics
25/12/2016,Cleveland Cavaliers,Golden State Warriors
25/12/2016,San Antonio Spurs,Chicago Bulls
25/12/2016,Oklahoma City Thunder,Minnesota Timberwolves
25/12/2016,Los Angeles Lakers,Los Angeles Clippers
26/12/2016,Orlando Magic,Memphis Grizzlies
26/12/2016,Washington Wizards,Milwaukee Bucks
26/12/2016,Brooklyn Nets,Charlotte Hornets
26/12/2016,Detroit Pistons,Cleveland Cavaliers
26/12/2016,Chicago Bulls,Indiana Pacers
26/12/2016,Houston Rockets,Phoenix Suns
26/12/2016,Minnesota Timberwolves,Atlanta Hawks
26/12/2016,New Orleans Pelicans,Dallas Mavericks
26/12/2016,Portland Trail Blazers,Toronto Raptors
26/12/2016,Los Angeles Clippers,Denver Nuggets
26/12/2016,Sacramento Kings,Philadelphia 76ers
27/12/2016,Boston Celtics,Memphis Grizzlies
27/12/2016,Miami Heat,Oklahoma City Thunder
27/12/2016,Dallas Mavericks,Houston Rockets
27/12/2016,Los Angeles Lakers,Utah Jazz
28/12/2016,Orlando Magic,Charlotte Hornets
28/12/2016,Washington Wizards,Indiana Pacers
28/12/2016,Atlanta Hawks,New York Knicks
28/12/2016,Detroit Pistons,Milwaukee Bucks
28/12/2016,Chicago Bulls,Brooklyn Nets
28/12/2016,New Orleans Pelicans,Los Angeles Clippers
28/12/2016,San Antonio Spurs,Phoenix Suns
28/12/2016,Denver Nuggets,Minnesota Timberwolves
28/12/2016,Portland Trail Blazers,Sacramento Kings
28/12/2016,Golden State Warriors,Toronto Raptors
29/12/2016,Charlotte Hornets,Miami Heat
29/12/2016,Cleveland Cavaliers,Boston Celtics
29/12/2016,Memphis Grizzlies,Oklahoma City Thunder
29/12/2016,Phoenix Suns,Toronto Raptors
29/12/2016,Utah Jazz,Philadelphia 76ers
29/12/2016,Los Angeles Lakers,Dallas Mavericks
30/12/2016,Indiana Pacers,Chicago Bulls
30/12/2016,Washington Wizards,Brooklyn Nets
30/12/2016,Boston Celtics,Miami Heat
30/12/2016,Atlanta Hawks,Detroit Pistons
30/12/2016,Houston Rockets,Los Angeles Clippers
30/12/2016,Minnesota Timberwolves,Milwaukee Bucks
30/12/2016,New Orleans Pelicans,New York Knicks
30/12/2016,San Antonio Spurs,Portland Trail Blazers
30/12/2016,Denver Nuggets,Philadelphia 76ers
30/12/2016,Golden State Warriors,Dallas Mavericks
31/12/2016,Sacramento Kings,Memphis Grizzlies
31/12/2016,Charlotte Hornets,Cleveland Cavaliers
31/12/2016,Chicago Bulls,Milwaukee Bucks
31/12/2016,Houston Rockets,New York Knicks
31/12/2016,Oklahoma City Thunder,Los Angeles Clippers
31/12/2016,Utah Jazz,Phoenix Suns
01/01/2017,Atlanta Hawks,San Antonio Spurs
01/01/2017,Indiana Pacers,Orlando Magic
01/01/2017,Miami Heat,Detroit Pistons
01/01/2017,Minnesota Timberwolves,Portland Trail Blazers
01/01/2017,Los Angeles Lakers,Toronto Raptors
02/01/2017,Cleveland Cavaliers,New Orleans Pelicans
02/01/2017,Milwaukee Bucks,Oklahoma City Thunder
02/01/2017,Brooklyn Nets,Utah Jazz
02/01/2017,New York Knicks,Orlando Magic
02/01/2017,Chicago Bulls,Charlotte Hornets
02/01/2017,Houston Rockets,Washington Wizards
02/01/2017,Golden State Warriors,Denver Nuggets
02/01/2017,Los Angeles Clippers,Phoenix Suns
03/01/2017,Philadelphia 76ers,Minnesota Timberwolves
03/01/2017,Boston Celtics,Utah Jazz
03/01/2017,Detroit Pistons,Indiana Pacers
03/01/2017,Dallas Mavericks,Washington Wizards
03/01/2017,San Antonio Spurs,Toronto Raptors
03/01/2017,Denver Nuggets,Sacramento Kings
03/01/2017,Phoenix Suns,Miami Heat
03/01/2017,Los Angeles Lakers,Memphis Grizzlies
04/01/2017,Charlotte Hornets,Oklahoma City Thunder
04/01/2017,Orlando Magic,Atlanta Hawks
04/01/2017,New York Knicks,Milwaukee Bucks
04/01/2017,Cleveland Cavaliers,Chicago Bulls
04/01/2017,Golden State Warriors,Portland Trail Blazers
04/01/2017,Los Angeles Clippers,Memphis Grizzlies
04/01/2017,Sacramento Kings,Miami Heat
05/01/2017,Indiana Pacers,Brooklyn Nets
05/01/2017,Detroit Pistons,Charlotte Hornets
05/01/2017,Toronto Raptors,Utah Jazz
05/01/2017,Houston Rockets,Oklahoma City Thunder
05/01/2017,New Orleans Pelicans,Atlanta Hawks
05/01/2017,Dallas Mavericks,Phoenix Suns
05/01/2017,Portland Trail Blazers,Los Angeles Lakers
05/01/2017,Denver Nuggets,San Antonio Spurs
06/01/2017,Orlando Magic,Houston Rockets
06/01/2017,Washington Wizards,Minnesota Timberwolves
06/01/2017,Boston Celtics,Philadelphia 76ers
06/01/2017,Brooklyn Nets,Cleveland Cavaliers
06/01/2017,Milwaukee Bucks,New York Knicks
06/01/2017,Golden State Warriors,Memphis Grizzlies
06/01/2017,Los Angeles Lakers,Miami Heat
06/01/2017,Sacramento Kings,Los Angeles Clippers
07/01/2017,Indiana Pacers,New York Knicks
07/01/2017,Boston Celtics,New Orleans Pelicans
07/01/2017,Chicago Bulls,Toronto Raptors
07/01/2017,Minnesota Timberwolves,Utah Jazz
07/01/2017,Oklahoma City Thunder,Denver Nuggets
07/01/2017,Dallas Mavericks,Atlanta Hawks
07/01/2017,San Antonio Spurs,Charlotte Hornets
07/01/2017,Portland Trail Blazers,Detroit Pistons
08/01/2017,Brooklyn Nets,Philadelphia 76ers
08/01/2017,Los Angeles Clippers,Miami Heat
08/01/2017,Milwaukee Bucks,Washington Wizards
08/01/2017,Toronto Raptors,Houston Rockets
08/01/2017,Memphis Grizzlies,Utah Jazz
08/01/2017,Phoenix Suns,Cleveland Cavaliers
08/01/2017,Sacramento Kings,Golden State Warriors
08/01/2017,Los Angeles Lakers,Orlando Magic
09/01/2017,New York Knicks,New Orleans Pelicans
09/01/2017,Chicago Bulls,Oklahoma City Thunder
09/01/2017,Minnesota Timberwolves,Dallas Mavericks
10/01/2017,Washington Wizards,Chicago Bulls
10/01/2017,Brooklyn Nets,Atlanta Hawks
10/01/2017,Toronto Raptors,Boston Celtics
10/01/2017,Houston Rockets,Charlotte Hornets
10/01/2017,San Antonio Spurs,Milwaukee Bucks
10/01/2017,Utah Jazz,Cleveland Cavaliers
10/01/2017,Golden State Warriors,Miami Heat
10/01/2017,Los Angeles Lakers,Portland Trail Blazers
10/01/2017,Sacramento Kings,Detroit Pistons
11/01/2017,Philadelphia 76ers,New York Knicks
11/01/2017,Boston Celtics,Washington Wizards
11/01/2017,Minnesota Timberwolves,Houston Rockets
11/01/2017,Oklahoma City Thunder,Memphis Grizzlies
11/01/2017,Los Angeles Clippers,Orlando Magic
11/01/2017,Portland Trail Blazers,Cleveland Cavaliers
12/01/2017,Denver Nuggets,Indiana Pacers
12/01/2017,Brooklyn Nets,New Orleans Pelicans
12/01/2017,New York Knicks,Chicago Bulls
12/01/2017,San Antonio Spurs,Los Angeles Lakers
12/01/2017,Phoenix Suns,Dallas Mavericks
12/01/2017,Golden State Warriors,Detroit Pistons
13/01/2017,Philadelphia 76ers,Charlotte Hornets
13/01/2017,Toronto Raptors,Brooklyn Nets
13/01/2017,Atlanta Hawks,Boston Celtics
13/01/2017,Houston Rockets,Memphis Grizzlies
13/01/2017,Milwaukee Bucks,Miami Heat
13/01/2017,Minnesota Timberwolves,Oklahoma City Thunder
13/01/2017,Portland Trail Blazers,Orlando Magic
13/01/2017,Sacramento Kings,Cleveland Cavaliers
13/01/2017,Utah Jazz,Detroit Pistons
14/01/2017,Los Angeles Clippers,Los Angeles Lakers
14/01/2017,Chicago Bulls,New Orleans Pelicans
14/01/2017,Phoenix Suns,San Antonio Spurs
14/01/2017,Washington Wizards,Philadelphia 76ers
14/01/2017,Utah Jazz,Orlando Magic
15/01/2017,Atlanta Hawks,Milwaukee Bucks
15/01/2017,Toronto Raptors,New York Knicks
15/01/2017,Dallas Mavericks,Minnesota Timberwolves
15/01/2017,Brooklyn Nets,Houston Rockets
15/01/2017,Memphis Grizzlies,Chicago Bulls
15/01/2017,Sacramento Kings,Oklahoma City Thunder
15/01/2017,Los Angeles Lakers,Detroit Pistons
16/01/2017,New York Knicks,Atlanta Hawks
16/01/2017,Washington Wizards,Portland Trail Blazers
16/01/2017,Milwaukee Bucks,Philadelphia 76ers
16/01/2017,Indiana Pacers,New Orleans Pelicans
16/01/2017,Denver Nuggets,Orlando Magic
16/01/2017,Boston Celtics,Charlotte Hornets
16/01/2017,Golden State Warriors,Cleveland Cavaliers
16/01/2017,Phoenix Suns,Utah Jazz
16/01/2017,Los Angeles Clippers,Oklahoma City Thunder
17/01/2017,Brooklyn Nets,Toronto Raptors
17/01/2017,Miami Heat,Houston Rockets
17/01/2017,Chicago Bulls,Dallas Mavericks
17/01/2017,San Antonio Spurs,Minnesota Timberwolves
17/01/2017,Los Angeles Lakers,Denver Nuggets
18/01/2017,Charlotte Hornets,Portland Trail Blazers
18/01/2017,Philadelphia 76ers,Toronto Raptors
18/01/2017,Washington Wizards,Memphis Grizzlies
18/01/2017,Boston Celtics,New York Knicks
18/01/2017,Detroit Pistons,Atlanta Hawks
18/01/2017,Houston Rockets,Milwaukee Bucks
18/01/2017,New Orleans Pelicans,Orlando Magic
18/01/2017,Golden State Warriors,Oklahoma City Thunder
18/01/2017,Sacramento Kings,Indiana Pacers
19/01/2017,Cleveland Cavaliers,Phoenix Suns
19/01/2017,Miami Heat,Dallas Mavericks
19/01/2017,New York Knicks,Washington Wizards
19/01/2017,San Antonio Spurs,Denver Nuggets
19/01/2017,Los Angeles Clippers,Minnesota Timberwolves
20/01/2017,Charlotte Hornets,Toronto Raptors
20/01/2017,Orlando Magic,Milwaukee Bucks
20/01/2017,Philadelphia 76ers,Portland Trail Blazers
20/01/2017,Atlanta Hawks,Chicago Bulls
20/01/2017,Houston Rockets,Golden State Warriors
20/01/2017,Memphis Grizzlies,Sacramento Kings
20/01/2017,New Orleans Pelicans,Brooklyn Nets
20/01/2017,Dallas Mavericks,Utah Jazz
20/01/2017,Los Angeles Lakers,Indiana Pacers
21/01/2017,Boston Celtics,Portland Trail Blazers
21/01/2017,Detroit Pistons,Washington Wizards
21/01/2017,Atlanta Hawks,Philadelphia 76ers
21/01/2017,Charlotte Hornets,Brooklyn Nets
21/01/2017,Miami Heat,Milwaukee Bucks
21/01/2017,New York Knicks,Phoenix Suns
21/01/2017,Memphis Grizzlies,Houston Rockets
21/01/2017,Cleveland Cavaliers,San Antonio Spurs
21/01/2017,Chicago Bulls,Sacramento Kings
21/01/2017,Denver Nuggets,Los Angeles Clippers
21/01/2017,Utah Jazz,Indiana Pacers
22/01/2017,Orlando Magic,Golden State Warriors
22/01/2017,Dallas Mavericks,Los Angeles Lakers
22/01/2017,Toronto Raptors,Phoenix Suns
22/01/2017,Minnesota Timberwolves,Denver Nuggets
23/01/2017,Charlotte Hornets,Washington Wizards
23/01/2017,Atlanta Hawks,Los Angeles Clippers
23/01/2017,Brooklyn Nets,San Antonio Spurs
23/01/2017,Detroit Pistons,Sacramento Kings
23/01/2017,Miami Heat,Golden State Warriors
23/01/2017,Indiana Pacers,New York Knicks
23/01/2017,Milwaukee Bucks,Houston Rockets
23/01/2017,New Orleans Pelicans,Cleveland Cavaliers
23/01/2017,Utah Jazz,Oklahoma City Thunder
24/01/2017,Orlando Magic,Chicago Bulls
24/01/2017,Philadelphia 76ers,Los Angeles Clippers
24/01/2017,Toronto Raptors,San Antonio Spurs
24/01/2017,Washington Wizards,Boston Celtics
24/01/2017,Denver Nuggets,Utah Jazz
24/01/2017,Phoenix Suns,Minnesota Timberwolves
25/01/2017,Cleveland Cavaliers,Sacramento Kings
25/01/2017,Boston Celtics,Houston Rockets
25/01/2017,Brooklyn Nets,Miami Heat
25/01/2017,Charlotte Hornets,Golden State Warriors
25/01/2017,Chicago Bulls,Atlanta Hawks
25/01/2017,Memphis Grizzlies,Toronto Raptors
25/01/2017,Milwaukee Bucks,Philadelphia 76ers
25/01/2017,New Orleans Pelicans,Oklahoma City Thunder
25/01/2017,Dallas Mavericks,New York Knicks
25/01/2017,Portland Trail Blazers,Los Angeles Lakers
26/01/2017,Minnesota Timberwolves,Indiana Pacers
26/01/2017,Oklahoma City Thunder,Dallas Mavericks
26/01/2017,Denver Nuggets,Phoenix Suns
26/01/2017,Utah Jazz,Los Angeles Lakers
27/01/2017,Indiana Pacers,Sacramento Kings
27/01/2017,Philadelphia 76ers,Houston Rockets
27/01/2017,Boston Celtics,Orlando Magic
27/01/2017,Cleveland Cavaliers,Brooklyn Nets
27/01/2017,New York Knicks,Charlotte Hornets
27/01/2017,Toronto Raptors,Milwaukee Bucks
27/01/2017,Atlanta Hawks,Washington Wizards
27/01/2017,Chicago Bulls,Miami Heat
27/01/2017,New Orleans Pelicans,San Antonio Spurs
27/01/2017,Portland Trail Blazers,Memphis Grizzlies
28/01/2017,Charlotte Hornets,Sacramento Kings
28/01/2017,Miami Heat,Detroit Pistons
28/01/2017,Milwaukee Bucks,Boston Celtics
28/01/2017,Golden State Warriors,Los Angeles Clippers
28/01/2017,Minnesota Timberwolves,Brooklyn Nets
28/01/2017,Phoenix Suns,Denver Nuggets
28/01/2017,Utah Jazz,Memphis Grizzlies
29/01/2017,Atlanta Hawks,New York Knicks
29/01/2017,Cleveland Cavaliers,Oklahoma City Thunder
29/01/2017,Indiana Pacers,Houston Rockets
29/01/2017,New Orleans Pelicans,Washington Wizards
29/01/2017,Toronto Raptors,Orlando Magic
29/01/2017,Chicago Bulls,Philadelphia 76ers
29/01/2017,San Antonio Spurs,Dallas Mavericks
29/01/2017,Portland Trail Blazers,Golden State Warriors
30/01/2017,Miami Heat,Brooklyn Nets
30/01/2017,Boston Celtics,Detroit Pistons
30/01/2017,Minnesota Timberwolves,Orlando Magic
30/01/2017,Dallas Mavericks,Cleveland Cavaliers
30/01/2017,Phoenix Suns,Memphis Grizzlies
31/01/2017,Washington Wizards,New York Knicks
31/01/2017,Toronto Raptors,New Orleans Pelicans
31/01/2017,Houston Rockets,Sacramento Kings
31/01/2017,San Antonio Spurs,Oklahoma City Thunder
31/01/2017,Portland Trail Blazers,Charlotte Hornets
31/01/2017,Los Angeles Lakers,Denver Nuggets
01/02/2017,Cleveland Cavaliers,Minnesota Timberwolves
01/02/2017,Orlando Magic,Indiana Pacers
01/02/2017,Boston Celtics,Toronto Raptors
01/02/2017,Brooklyn Nets,New York Knicks
01/02/2017,Detroit Pistons,New Orleans Pelicans
01/02/2017,Miami Heat,Atlanta Hawks
01/02/2017,Dallas Mavericks,Philadelphia 76ers
01/02/2017,Denver Nuggets,Memphis Grizzlies
01/02/2017,Phoenix Suns,Los Angeles Clippers
01/02/2017,Utah Jazz,Milwaukee Bucks
01/02/2017,Oklahoma City Thunder,Chicago Bulls
01/02/2017,Golden State Warriors,Charlotte Hornets
02/02/2017,Washington Wizards,Los Angeles Lakers
02/02/2017,Houston Rockets,Atlanta Hawks
02/02/2017,San Antonio Spurs,Philadelphia 76ers
02/02/2017,Los Angeles Clippers,Golden State Warriors
03/02/2017,Orlando Magic,Toronto Raptors
03/02/2017,Brooklyn Nets,Indiana Pacers
03/02/2017,Detroit Pistons,Minnesota Timberwolves
03/02/2017,Boston Celtics,Los Angeles Lakers
03/02/2017,Houston Rockets,Chicago Bulls
03/02/2017,Oklahoma City Thunder,Memphis Grizzlies
03/02/2017,Denver Nuggets,Milwaukee Bucks
03/02/2017,Portland Trail Blazers,Dallas Mavericks
03/02/2017,Sacramento Kings,Phoenix Suns
04/02/2017,Atlanta Hawks,Orlando Magic
04/02/2017,Indiana Pacers,Detroit Pistons
04/02/2017,Washington Wizards,New Orleans Pelicans
04/02/2017,Miami Heat,Philadelphia 76ers
04/02/2017,New York Knicks,Cleveland Cavaliers
04/02/2017,Minnesota Timberwolves,Memphis Grizzlies
04/02/2017,Phoenix Suns,Milwaukee Bucks
04/02/2017,San Antonio Spurs,Denver Nuggets
04/02/2017,Utah Jazz,Charlotte Hornets
04/02/2017,Sacramento Kings,Golden State Warriors
05/02/2017,Brooklyn Nets,Toronto Raptors
05/02/2017,Boston Celtics,Los Angeles Clippers
05/02/2017,Oklahoma City Thunder,Portland Trail Blazers
06/02/2017,Indiana Pacers,Oklahoma City Thunder
06/02/2017,New York Knicks,Los Angeles Lakers
06/02/2017,Washington Wizards,Cleveland Cavaliers
06/02/2017,Atlanta Hawks,Utah Jazz
06/02/2017,Detroit Pistons,Philadelphia 76ers
06/02/2017,Toronto Raptors,Los Angeles Clippers
06/02/2017,Minnesota Timberwolves,Miami Heat
06/02/2017,New Orleans Pelicans,Phoenix Suns
06/02/2017,Denver Nuggets,Dallas Mavericks
06/02/2017,Memphis Grizzlies,San Antonio Spurs
06/02/2017,Sacramento Kings,Chicago Bulls
07/02/2017,Charlotte Hornets,Brooklyn Nets
07/02/2017,Houston Rockets,Orlando Magic
07/02/2017,Dallas Mavericks,Portland Trail Blazers
08/02/2017,Indiana Pacers,Cleveland Cavaliers
08/02/2017,Philadelphia 76ers,San Antonio Spurs
08/02/2017,Atlanta Hawks,Denver Nuggets
08/02/2017,Brooklyn Nets,Washington Wizards
08/02/2017,Detroit Pistons,Los Angeles Lakers
08/02/2017,Memphis Grizzlies,Phoenix Suns
08/02/2017,Milwaukee Bucks,Miami Heat
08/02/2017,Minnesota Timberwolves,Toronto Raptors
08/02/2017,New Orleans Pelicans,Utah Jazz
08/02/2017,New York Knicks,Los Angeles Clippers
08/02/2017,Golden State Warriors,Chicago Bulls
08/02/2017,Sacramento Kings,Boston Celtics
09/02/2017,Charlotte Hornets,Houston Rockets
09/02/2017,Orlando Magic,Philadelphia 76ers
09/02/2017,Oklahoma City Thunder,Cleveland Cavaliers
09/02/2017,Dallas Mavericks,Utah Jazz
09/02/2017,Portland Trail Blazers,Boston Celtics
10/02/2017,Brooklyn Nets,Miami Heat
10/02/2017,Detroit Pistons,San Antonio Spurs
10/02/2017,New York Knicks,Denver Nuggets
10/02/2017,Memphis Grizzlies,Golden State Warriors
10/02/2017,Milwaukee Bucks,Los Angeles Lakers
10/02/2017,Minnesota Timberwolves,New Orleans Pelicans
10/02/2017,Washington Wizards,Indiana Pacers
10/02/2017,Phoenix Suns,Chicago Bulls
10/02/2017,Sacramento Kings,Atlanta Hawks
11/02/2017,Charlotte Hornets,Los Angeles Clippers
11/02/2017,Indiana Pacers,Milwaukee Bucks
11/02/2017,Cleveland Cavaliers,Denver Nuggets
11/02/2017,Philadelphia 76ers,Miami Heat
11/02/2017,Houston Rockets,Phoenix Suns
11/02/2017,Oklahoma City Thunder,Golden State Warriors
11/02/2017,Dallas Mavericks,Orlando Magic
11/02/2017,Utah Jazz,Boston Celtics
12/02/2017,Minnesota Timberwolves,Chicago Bulls
12/02/2017,New York Knicks,San Antonio Spurs
12/02/2017,Toronto Raptors,Detroit Pistons
12/02/2017,Sacramento Kings,New Orleans Pelicans
13/02/2017,Charlotte Hornets,Philadelphia 76ers
13/02/2017,Washington Wizards,Oklahoma City Thunder
13/02/2017,Brooklyn Nets,Memphis Grizzlies
13/02/2017,Miami Heat,Orlando Magic
13/02/2017,Indiana Pacers,San Antonio Spurs
13/02/2017,Milwaukee Bucks,Detroit Pistons
13/02/2017,Dallas Mavericks,Boston Celtics
13/02/2017,Denver Nuggets,Golden State Warriors
13/02/2017,Phoenix Suns,New Orleans Pelicans
13/02/2017,Utah Jazz,Los Angeles Clippers
13/02/2017,Portland Trail Blazers,Atlanta Hawks
14/02/2017,Chicago Bulls,Toronto Raptors
14/02/2017,Minnesota Timberwolves,Cleveland Cavaliers
14/02/2017,Los Angeles Lakers,Sacramento Kings
15/02/2017,Cleveland Cavaliers,Indiana Pacers
15/02/2017,Orlando Magic,San Antonio Spurs
15/02/2017,Boston Celtics,Philadelphia 76ers
15/02/2017,Brooklyn Nets,Milwaukee Bucks
15/02/2017,Detroit Pistons,Dallas Mavericks
15/02/2017,Toronto Raptors,Charlotte Hornets
15/02/2017,Houston Rockets,Miami Heat
15/02/2017,Memphis Grizzlies,New Orleans Pelicans
15/02/2017,Denver Nuggets,Minnesota Timberwolves
15/02/2017,Phoenix Suns,Los Angeles Lakers
15/02/2017,Utah Jazz,Portland Trail Blazers
15/02/2017,Oklahoma City Thunder,New York Knicks
15/02/2017,Golden State Warriors,Sacramento Kings
15/02/2017,Los Angeles Clippers,Atlanta Hawks
16/02/2017,Indiana Pacers,Washington Wizards
16/02/2017,Chicago Bulls,Boston Celtics
23/02/2017,Orlando Magic,Portland Trail Blazers
23/02/2017,Detroit Pistons,Charlotte Hornets
23/02/2017,Cleveland Cavaliers,New York Knicks
23/02/2017,New Orleans Pelicans,Houston Rockets
23/02/2017,Golden State Warriors,Los Angeles Clippers
23/02/2017,Sacramento Kings,Denver Nuggets
24/02/2017,Indiana Pacers,Memphis Grizzlies
24/02/2017,Philadelphia 76ers,Washington Wizards
24/02/2017,Toronto Raptors,Boston Celtics
24/02/2017,Atlanta Hawks,Miami Heat
24/02/2017,Chicago Bulls,Phoenix Suns
24/02/2017,Milwaukee Bucks,Utah Jazz
24/02/2017,Minnesota Timberwolves,Dallas Mavericks
24/02/2017,Oklahoma City Thunder,Los Angeles Lakers
24/02/2017,Denver Nuggets,Brooklyn Nets
24/02/2017,Los Angeles Clippers,San Antonio Spurs
25/02/2017,Sacramento Kings,Charlotte Hornets
25/02/2017,Orlando Magic,Atlanta Hawks
25/02/2017,New York Knicks,Philadelphia 76ers
25/02/2017,Miami Heat,Indiana Pacers
25/02/2017,Cleveland Cavaliers,Chicago Bulls
25/02/2017,Dallas Mavericks,New Orleans Pelicans
25/02/2017,Houston Rockets,Minnesota Timberwolves
25/02/2017,Golden State Warriors,Brooklyn Nets
26/02/2017,Los Angeles Lakers,San Antonio Spurs
26/02/2017,Milwaukee Bucks,Phoenix Suns
26/02/2017,Denver Nuggets,Memphis Grizzlies
26/02/2017,Washington Wizards,Utah Jazz
26/02/2017,Detroit Pistons,Boston Celtics
26/02/2017,Toronto Raptors,Portland Trail Blazers
26/02/2017,Oklahoma City Thunder,New Orleans Pelicans
26/02/2017,Los Angeles Clippers,Charlotte Hornets
27/02/2017,Cleveland Cavaliers,Milwaukee Bucks
27/02/2017,New York Knicks,Toronto Raptors
27/02/2017,Philadelphia 76ers,Golden State Warriors
27/02/2017,Boston Celtics,Atlanta Hawks
27/02/2017,Houston Rockets,Indiana Pacers
27/02/2017,Dallas Mavericks,Miami Heat
27/02/2017,Sacramento Kings,Minnesota Timberwolves
28/02/2017,Washington Wizards,Golden State Warriors
28/02/2017,Detroit Pistons,Portland Trail Blazers
28/02/2017,Chicago Bulls,Denver Nuggets
28/02/2017,Memphis Grizzlies,Phoenix Suns
28/02/2017,Oklahoma City Thunder,Utah Jazz
28/02/2017,Los Angeles Lakers,Charlotte Hornets
01/03/2017,Orlando Magic,New York Knicks
01/03/2017,Atlanta Hawks,Dallas Mavericks
01/03/2017,Miami Heat,Philadelphia 76ers
01/03/2017,Toronto Raptors,Washington Wizards
01/03/2017,Boston Celtics,Cleveland Cavaliers
01/03/2017,Milwaukee Bucks,Denver Nuggets
01/03/2017,New Orleans Pelicans,Detroit Pistons
01/03/2017,San Antonio Spurs,Indiana Pacers
01/03/2017,Utah Jazz,Minnesota Timberwolves
01/03/2017,Los Angeles Clippers,Houston Rockets
01/03/2017,Sacramento Kings,Brooklyn Nets
02/03/2017,Chicago Bulls,Golden State Warriors
02/03/2017,Phoenix Suns,Charlotte Hornets
02/03/2017,Portland Trail Blazers,Oklahoma City Thunder
03/03/2017,Orlando Magic,Miami Heat
03/03/2017,Philadelphia 76ers,New York Knicks
03/03/2017,Washington Wizards,Toronto Raptors
03/03/2017,Atlanta Hawks,Cleveland Cavaliers
03/03/2017,Milwaukee Bucks,Los Angeles Clippers
03/03/2017,Dallas Mavericks,Memphis Grizzlies
03/03/2017,Phoenix Suns,Oklahoma City Thunder
03/03/2017,Utah Jazz,Brooklyn Nets
03/03/2017,New Orleans Pelicans,San Antonio Spurs
03/03/2017,Los Angeles Lakers,Boston Celtics
04/03/2017,Philadelphia 76ers,Detroit Pistons
04/03/2017,Miami Heat,Cleveland Cavaliers
04/03/2017,Milwaukee Bucks,Toronto Raptors
04/03/2017,Chicago Bulls,Los Angeles Clippers
04/03/2017,Denver Nuggets,Charlotte Hornets
04/03/2017,Houston Rockets,Memphis Grizzlies
04/03/2017,San Antonio Spurs,Minnesota Timberwolves
04/03/2017,Portland Trail Blazers,Brooklyn Nets
05/03/2017,Atlanta Hawks,Indiana Pacers
05/03/2017,New York Knicks,Golden State Warriors
05/03/2017,Phoenix Suns,Boston Celtics
05/03/2017,Washington Wizards,Orlando Magic
05/03/2017,Sacramento Kings,Utah Jazz
05/03/2017,Dallas Mavericks,Oklahoma City Thunder
05/03/2017,Los Angeles Lakers,New Orleans Pelicans
06/03/2017,Cleveland Cavaliers,Miami Heat
06/03/2017,Orlando Magic,New York Knicks
06/03/2017,Philadelphia 76ers,Milwaukee Bucks
06/03/2017,Atlanta Hawks,Golden State Warriors
06/03/2017,Detroit Pistons,Chicago Bulls
06/03/2017,Charlotte Hornets,Indiana Pacers
06/03/2017,Memphis Grizzlies,Brooklyn Nets
06/03/2017,Minnesota Timberwolves,Portland Trail Blazers
06/03/2017,San Antonio Spurs,Houston Rockets
06/03/2017,Denver Nuggets,Sacramento Kings
06/03/2017,Utah Jazz,New Orleans Pelicans
06/03/2017,Los Angeles Clippers,Boston Celtics
07/03/2017,Oklahoma City Thunder,Portland Trail Blazers
07/03/2017,Dallas Mavericks,Los Angeles Lakers
07/03/2017,Phoenix Suns,Washington Wizards
08/03/2017,Orlando Magic,Chicago Bulls
08/03/2017,Atlanta Hawks,Brooklyn Nets
08/03/2017,Miami Heat,Charlotte Hornets
08/03/2017,Houston Rockets,Utah Jazz
08/03/2017,Indiana Pacers,Detroit Pistons
08/03/2017,Milwaukee Bucks,New York Knicks
08/03/2017,Minnesota Timberwolves,Los Angeles Clippers
08/03/2017,New Orleans Pelicans,Toronto Raptors
08/03/2017,San Antonio Spurs,Sacramento Kings
08/03/2017,Denver Nuggets,Washington Wizards
08/03/2017,Golden State Warriors,Boston Celtics
09/03/2017,Detroit Pistons,Cleveland Cavaliers
09/03/2017,Memphis Grizzlies,Los Angeles Clippers
09/03/2017,Oklahoma City Thunder,San Antonio Spurs
09/03/2017,Portland Trail Blazers,Philadelphia 76ers
09/03/2017,Phoenix Suns,Los Angeles Lakers
10/03/2017,Charlotte Hornets,Orlando Magic
10/03/2017,Atlanta Hawks,Toronto Raptors
10/03/2017,Chicago Bulls,Houston Rockets
10/03/2017,Milwaukee Bucks,Indiana Pacers
10/03/2017,Minnesota Timberwolves,Golden State Warriors
10/03/2017,Dallas Mavericks,Brooklyn Nets
10/03/2017,Denver Nuggets,Boston Celtics
10/03/2017,Sacramento Kings,Washington Wizards
11/03/2017,Oklahoma City Thunder,Utah Jazz
11/03/2017,Los Angeles Clippers,Philadelphia 76ers
11/03/2017,Detroit Pistons,New York Knicks
11/03/2017,Charlotte Hornets,New Orleans Pelicans
11/03/2017,Orlando Magic,Cleveland Cavaliers
11/03/2017,Miami Heat,Toronto Raptors
11/03/2017,Milwaukee Bucks,Minnesota Timberwolves
11/03/2017,San Antonio Spurs,Golden State Warriors
11/03/2017,Dallas Mavericks,Phoenix Suns
11/03/2017,Memphis Grizzlies,Atlanta Hawks
11/03/2017,Portland Trail Blazers,Washington Wizards
11/03/2017,Sacramento Kings,Denver Nuggets
12/03/2017,Boston Celtics,Chicago Bulls
12/03/2017,Brooklyn Nets,New York Knicks
12/03/2017,Indiana Pacers,Miami Heat
12/03/2017,Houston Rockets,Cleveland Cavaliers
12/03/2017,Phoenix Suns,Portland Trail Blazers
12/03/2017,Los Angeles Lakers,Philadelphia 76ers
13/03/2017,Charlotte Hornets,Chicago Bulls
13/03/2017,Toronto Raptors,Dallas Mavericks
13/03/2017,Memphis Grizzlies,Milwaukee Bucks
13/03/2017,Minnesota Timberwolves,Washington Wizards
13/03/2017,San Antonio Spurs,Atlanta Hawks
13/03/2017,Utah Jazz,Los Angeles Clippers
13/03/2017,Denver Nuggets,Los Angeles Lakers
13/03/2017,Sacramento Kings,Orlando Magic
14/03/2017,Cleveland Cavaliers,Detroit Pistons
14/03/2017,Brooklyn Nets,Oklahoma City Thunder
14/03/2017,New York Knicks,Indiana Pacers
14/03/2017,New Orleans Pelicans,Portland Trail Blazers
14/03/2017,Golden State Warriors,Philadelphia 76ers
15/03/2017,Indiana Pacers,Charlotte Hornets
15/03/2017,Washington Wizards,Dallas Mavericks
15/03/2017,Boston Celtics,Minnesota Timberwolves
15/03/2017,Detroit Pistons,Utah Jazz
15/03/2017,Miami Heat,New Orleans Pelicans
15/03/2017,Chicago Bulls,Memphis Grizzlies
15/03/2017,Houston Rockets,Los Angeles Lakers
15/03/2017,San Antonio Spurs,Portland Trail Blazers
15/03/2017,Phoenix Suns,Sacramento Kings
15/03/2017,Los Angeles Clippers,Milwaukee Bucks
16/03/2017,Cleveland Cavaliers,Utah Jazz
16/03/2017,Toronto Raptors,Oklahoma City Thunder
16/03/2017,Atlanta Hawks,Memphis Grizzlies
16/03/2017,New York Knicks,Brooklyn Nets
16/03/2017,Denver Nuggets,Los Angeles Clippers
16/03/2017,Golden State Warriors,Orlando Magic
17/03/2017,Philadelphia 76ers,Dallas Mavericks
17/03/2017,Washington Wizards,Chicago Bulls
17/03/2017,Brooklyn Nets,Boston Celtics
17/03/2017,Detroit Pistons,Toronto Raptors
17/03/2017,Miami Heat,Minnesota Timberwolves
17/03/2017,New Orleans Pelicans,Houston Rockets
17/03/2017,Phoenix Suns,Orlando Magic
17/03/2017,Los Angeles Lakers,Milwaukee Bucks
18/03/2017,Oklahoma City Thunder,Sacramento Kings
18/03/2017,Atlanta Hawks,Portland Trail Blazers
18/03/2017,Charlotte Hornets,Washington Wizards
18/03/2017,Los Angeles Clippers,Cleveland Cavaliers
18/03/2017,Chicago Bulls,Utah Jazz
18/03/2017,Memphis Grizzlies,San Antonio Spurs
18/03/2017,Denver Nuggets,Houston Rockets
18/03/2017,Golden State Warriors,Milwaukee Bucks
19/03/2017,Brooklyn Nets,Dallas Mavericks
19/03/2017,Philadelphia 76ers,Boston Celtics
19/03/2017,Detroit Pistons,Phoenix Suns
19/03/2017,Miami Heat,Portland Trail Blazers
19/03/2017,New Orleans Pelicans,Minnesota Timberwolves
19/03/2017,Toronto Raptors,Indiana Pacers
19/03/2017,San Antonio Spurs,Sacramento Kings
19/03/2017,Los Angeles Lakers,Cleveland Cavaliers
20/03/2017,Charlotte Hornets,Atlanta Hawks
20/03/2017,Indiana Pacers,Utah Jazz
20/03/2017,Orlando Magic,Philadelphia 76ers
20/03/2017,Boston Celtics,Washington Wizards
20/03/2017,Houston Rockets,Denver Nuggets
20/03/2017,Oklahoma City Thunder,Golden State Warriors
20/03/2017,Los Angeles Clippers,New York Knicks
21/03/2017,Toronto Raptors,Chicago Bulls
21/03/2017,Brooklyn Nets,Detroit Pistons
21/03/2017,Miami Heat,Phoenix Suns
21/03/2017,New Orleans Pelicans,Memphis Grizzlies
21/03/2017,Dallas Mavericks,Golden State Warriors
21/03/2017,Minnesota Timberwolves,San Antonio Spurs
21/03/2017,Portland Trail Blazers,Milwaukee Bucks
21/03/2017,Los Angeles Lakers,Los Angeles Clippers
22/03/2017,Orlando Magic,Charlotte Hornets
22/03/2017,Boston Celtics,Indiana Pacers
22/03/2017,Chicago Bulls,Detroit Pistons
22/03/2017,Oklahoma City Thunder,Philadelphia 76ers
22/03/2017,Washington Wizards,Atlanta Hawks
22/03/2017,Denver Nuggets,Cleveland Cavaliers
22/03/2017,Sacramento Kings,Milwaukee Bucks
22/03/2017,Utah Jazz,New York Knicks
23/03/2017,Brooklyn Nets,Phoenix Suns
23/03/2017,Miami Heat,Toronto Raptors
23/03/2017,Dallas Mavericks,Los Angeles Clippers
23/03/2017,San Antonio Spurs,Memphis Grizzlies
23/03/2017,Portland Trail Blazers,New York Knicks
24/03/2017,Charlotte Hornets,Cleveland Cavaliers
24/03/2017,Indiana Pacers,Denver Nuggets
24/03/2017,Orlando Magic,Detroit Pistons
24/03/2017,Washington Wizards,Brooklyn Nets
24/03/2017,Boston Celtics,Phoenix Suns
24/03/2017,Chicago Bulls,Philadelphia 76ers
24/03/2017,Houston Rockets,New Orleans Pelicans
24/03/2017,Milwaukee Bucks,Atlanta Hawks
24/03/2017,Golden State Warriors,Sacramento Kings
24/03/2017,Los Angeles Lakers,Minnesota Timberwolves
25/03/2017,Los Angeles Clippers,Utah Jazz
25/03/2017,Cleveland Cavaliers,Washington Wizards
25/03/2017,Dallas Mavericks,Toronto Raptors
25/03/2017,San Antonio Spurs,New York Knicks
25/03/2017,Portland Trail Blazers,Minnesota Timberwolves
26/03/2017,Atlanta Hawks,Brooklyn Nets
26/03/2017,Charlotte Hornets,Phoenix Suns
26/03/2017,Houston Rockets,Oklahoma City Thunder
26/03/2017,Los Angeles Clippers,Sacramento Kings
26/03/2017,Milwaukee Bucks,Chicago Bulls
26/03/2017,Boston Celtics,Miami Heat
26/03/2017,Indiana Pacers,Philadelphia 76ers
26/03/2017,Denver Nuggets,New Orleans Pelicans
26/03/2017,Golden State Warriors,Memphis Grizzlies
26/03/2017,Los Angeles Lakers,Portland Trail Blazers
27/03/2017,New York Knicks,Detroit Pistons
27/03/2017,Toronto Raptors,Orlando Magic
27/03/2017,San Antonio Spurs,Cleveland Cavaliers
27/03/2017,Dallas Mavericks,Oklahoma City Thunder
27/03/2017,Sacramento Kings,Memphis Grizzlies
27/03/2017,Utah Jazz,New Orleans Pelicans
28/03/2017,Charlotte Hornets,Milwaukee Bucks
28/03/2017,Indiana Pacers,Minnesota Timberwolves
28/03/2017,Atlanta Hawks,Phoenix Suns
28/03/2017,Brooklyn Nets,Philadelphia 76ers
28/03/2017,Detroit Pistons,Miami Heat
28/03/2017,Houston Rockets,Golden State Warriors
28/03/2017,Portland Trail Blazers,Denver Nuggets
28/03/2017,Los Angeles Lakers,Washington Wizards
29/03/2017,Orlando Magic,Oklahoma City Thunder
29/03/2017,Philadelphia 76ers,Atlanta Hawks
29/03/2017,Boston Celtics,Milwaukee Bucks
29/03/2017,New York Knicks,Miami Heat
29/03/2017,Toronto Raptors,Charlotte Hornets
29/03/2017,Memphis Grizzlies,Indiana Pacers
29/03/2017,New Orleans Pelicans,Dallas Mavericks
29/03/2017,San Antonio Spurs,Golden State Warriors
29/03/2017,Los Angeles Clippers,Washington Wizards
29/03/2017,Sacramento Kings,Utah Jazz
30/03/2017,Detroit Pistons,Brooklyn Nets
30/03/2017,Chicago Bulls,Cleveland Cavaliers
30/03/2017,Minnesota Timberwolves,Los Angeles Lakers
30/03/2017,Phoenix Suns,Los Angeles Clippers
30/03/2017,Portland Trail Blazers,Houston Rockets
31/03/2017,Charlotte Hornets,Denver Nuggets
31/03/2017,Toronto Raptors,Indiana Pacers
31/03/2017,Boston Celtics,Orlando Magic
31/03/2017,Cleveland Cavaliers,Philadelphia 76ers
31/03/2017,Memphis Grizzlies,Dallas Mavericks
31/03/2017,Miami Heat,New York Knicks
31/03/2017,Milwaukee Bucks,Detroit Pistons
31/03/2017,New Orleans Pelicans,Sacramento Kings
31/03/2017,Utah Jazz,Washington Wizards
31/03/2017,Oklahoma City Thunder,San Antonio Spurs
31/03/2017,Golden State Warriors,Houston Rockets
01/04/2017,Los Angeles Clippers,Los Angeles Lakers
01/04/2017,Chicago Bulls,Atlanta Hawks
01/04/2017,Brooklyn Nets,Orlando Magic
01/04/2017,Minnesota Timberwolves,Sacramento Kings
01/04/2017,Portland Trail Blazers,Phoenix Suns
02/04/2017,New York Knicks,Boston Celtics
02/04/2017,Oklahoma City Thunder,Charlotte Hornets
02/04/2017,Los Angeles Lakers,Memphis Grizzlies
02/04/2017,Milwaukee Bucks,Dallas Mavericks
02/04/2017,San Antonio Spurs,Utah Jazz
02/04/2017,Brooklyn Nets,Atlanta Hawks
02/04/2017,Cleveland Cavaliers,Indiana Pacers
02/04/2017,Miami Heat,Denver Nuggets
02/04/2017,New Orleans Pelicans,Chicago Bulls
02/04/2017,Toronto Raptors,Philadelphia 76ers
02/04/2017,Golden State Warriors,Washington Wizards
02/04/2017,Phoenix Suns,Houston Rockets
04/04/2017,Cleveland Cavaliers,Orlando Magic
04/04/2017,Indiana Pacers,Toronto Raptors
04/04/2017,Philadelphia 76ers,Brooklyn Nets
04/04/2017,Washington Wizards,Charlotte Hornets
04/04/2017,New Orleans Pelicans,Denver Nuggets
04/04/2017,New York Knicks,Chicago Bulls
04/04/2017,Oklahoma City Thunder,Milwaukee Bucks
04/04/2017,San Antonio Spurs,Memphis Grizzlies
04/04/2017,Golden State Warriors,Minnesota Timberwolves
04/04/2017,Sacramento Kings,Dallas Mavericks
04/04/2017,Utah Jazz,Portland Trail Blazers
05/04/2017,Charlotte Hornets,Miami Heat
05/04/2017,Detroit Pistons,Toronto Raptors
05/04/2017,Boston Celtics,Cleveland Cavaliers
05/04/2017,Houston Rockets,Denver Nuggets
05/04/2017,Memphis Grizzlies,Oklahoma City Thunder
05/04/2017,San Antonio Spurs,Los Angeles Lakers
05/04/2017,Phoenix Suns,Golden State Warriors
05/04/2017,Los Angeles Clippers,Dallas Mavericks
06/04/2017,Indiana Pacers,Milwaukee Bucks
06/04/2017,Orlando Magic,Brooklyn Nets
06/04/2017,Philadelphia 76ers,Chicago Bulls
06/04/2017,New York Knicks,Washington Wizards
06/04/2017,Atlanta Hawks,Boston Celtics
06/04/2017,Portland Trail Blazers,Minnesota Timberwolves
07/04/2017,Cleveland Cavaliers,Atlanta Hawks
07/04/2017,Toronto Raptors,Miami Heat
07/04/2017,Houston Rockets,Detroit Pistons
07/04/2017,Memphis Grizzlies,New York Knicks
07/04/2017,Dallas Mavericks,San Antonio Spurs
07/04/2017,Denver Nuggets,New Orleans Pelicans
07/04/2017,Utah Jazz,Minnesota Timberwolves
07/04/2017,Phoenix Suns,Oklahoma City Thunder
07/04/2017,Los Angeles Lakers,Sacramento Kings
08/04/2017,Brooklyn Nets,Chicago Bulls
08/04/2017,Charlotte Hornets,Boston Celtics
08/04/2017,Orlando Magic,Indiana Pacers
08/04/2017,Philadelphia 76ers,Milwaukee Bucks
08/04/2017,Washington Wizards,Miami Heat
08/04/2017,San Antonio Spurs,Los Angeles Clippers
08/04/2017,Portland Trail Blazers,Utah Jazz
08/04/2017,Golden State Warriors,New Orleans Pelicans
09/04/2017,New York Knicks,Toronto Raptors
09/04/2017,Atlanta Hawks,Cleveland Cavaliers
09/04/2017,Denver Nuggets,Oklahoma City Thunder
09/04/2017,Memphis Grizzlies,Detroit Pistons
09/04/2017,Phoenix Suns,Dallas Mavericks
09/04/2017,Sacramento Kings,Houston Rockets
09/04/2017,Los Angeles Lakers,Minnesota Timberwolves
10/04/2017,Philadelphia 76ers,Indiana Pacers
10/04/2017,Boston Celtics,Brooklyn Nets
10/04/2017,Miami Heat,Cleveland Cavaliers
10/04/2017,Chicago Bulls,Orlando Magic
10/04/2017,Detroit Pistons,Washington Wizards
10/04/2017,Milwaukee Bucks,Charlotte Hornets
10/04/2017,Portland Trail Blazers,San Antonio Spurs
10/04/2017,Golden State Warriors,Utah Jazz
10/04/2017,Los Angeles Clippers,Houston Rockets
11/04/2017,Atlanta Hawks,Charlotte Hornets
11/04/2017,Minnesota Timberwolves,Oklahoma City Thunder
11/04/2017,Dallas Mavericks,Denver Nuggets
11/04/2017,Los Angeles Lakers,New Orleans Pelicans
11/04/2017,Sacramento Kings,Phoenix Suns
12/04/2017,Boston Celtics,Milwaukee Bucks
12/04/2017,Chicago Bulls,Brooklyn Nets
12/04/2017,Cleveland Cavaliers,Toronto Raptors
12/04/2017,Houston Rockets,Minnesota Timberwolves
12/04/2017,Indiana Pacers,Atlanta Hawks
12/04/2017,Memphis Grizzlies,Dallas Mavericks
12/04/2017,Miami Heat,Washington Wizards
12/04/2017,New York Knicks,Philadelphia 76ers
12/04/2017,Oklahoma City Thunder,Denver Nuggets
12/04/2017,Orlando Magic,Detroit Pistons
12/04/2017,Utah Jazz,San Antonio Spurs
12/04/2017,Golden State Warriors,Los Angeles Lakers
12/04/2017,Los Angeles Clippers,Sacramento Kings
12/04/2017,Portland Trail Blazers,New Orleans Pelicans
